-- phpMyAdmin SQL Dump
-- version 4.7.4
-- https://www.phpmyadmin.net/
--
-- Host: 127.0.0.1
-- Generation Time: Jul 06, 2019 at 02:52 PM
-- Server version: 10.1.29-MariaDB
-- PHP Version: 7.1.12

SET SQL_MODE = "NO_AUTO_VALUE_ON_ZERO";
SET AUTOCOMMIT = 0;
START TRANSACTION;
SET time_zone = "+00:00";


/*!40101 SET @OLD_CHARACTER_SET_CLIENT=@@CHARACTER_SET_CLIENT */;
/*!40101 SET @OLD_CHARACTER_SET_RESULTS=@@CHARACTER_SET_RESULTS */;
/*!40101 SET @OLD_COLLATION_CONNECTION=@@COLLATION_CONNECTION */;
/*!40101 SET NAMES utf8mb4 */;

--
-- Database: `walet`
--

-- --------------------------------------------------------

--
-- Table structure for table `asalprovinsi_bw`
--

CREATE TABLE `asalprovinsi_bw` (
  `id` int(11) NOT NULL,
  `volume` int(11) NOT NULL,
  `nilai` int(11) NOT NULL,
  `id_bulan` int(11) NOT NULL,
  `id_tahun` int(11) NOT NULL,
  `id_provinsi` int(11) NOT NULL,
  `id_hargatotal` int(11) NOT NULL
) ENGINE=InnoDB DEFAULT CHARSET=latin1;

--
-- Dumping data for table `asalprovinsi_bw`
--

INSERT INTO `asalprovinsi_bw` (`id`, `volume`, `nilai`, `id_bulan`, `id_tahun`, `id_provinsi`, `id_hargatotal`) VALUES
(1, 4101, 1481100, 1, 1, 1, 1),
(2, 1063, 411500, 2, 1, 1, 2),
(3, 2969, 1049675, 3, 1, 1, 3),
(4, 2795, 639350, 4, 1, 1, 4),
(5, 3337, 918410, 5, 1, 1, 5),
(6, 1119, 333833, 6, 1, 1, 6),
(7, 1102, 439188, 7, 1, 1, 7),
(8, 1814, 530357, 8, 1, 1, 8),
(9, 2319, 709598, 9, 1, 1, 9),
(10, 2439, 970048, 10, 1, 1, 10),
(11, 1745, 789664, 11, 1, 1, 11),
(12, 11067, 4250247, 12, 1, 1, 12),
(13, 0, 0, 1, 1, 2, 1),
(14, 0, 0, 2, 1, 2, 2),
(15, 0, 0, 3, 1, 2, 3),
(16, 0, 0, 4, 1, 2, 4),
(17, 132, 98805, 5, 1, 2, 5),
(18, 201, 151624, 6, 1, 2, 6),
(19, 100, 76748, 7, 1, 2, 7),
(20, 166, 111361, 8, 1, 2, 8),
(21, 0, 0, 9, 1, 2, 9),
(22, 65, 47742, 10, 1, 2, 10),
(23, 152, 94277, 11, 1, 2, 11),
(24, 176, 98982, 12, 1, 2, 12),
(25, 32962, 617926, 1, 1, 3, 1),
(26, 14304, 703865, 2, 1, 3, 2),
(27, 34349, 792692, 3, 1, 3, 3),
(28, 37298, 1110570, 4, 1, 3, 4),
(29, 33987, 854964, 5, 1, 3, 5),
(30, 36696, 1114476, 6, 1, 3, 6),
(31, 23521, 1020428, 7, 1, 3, 7),
(32, 32436, 1856352, 8, 1, 3, 8),
(33, 34890, 1963358, 9, 1, 3, 9),
(34, 36312, 2583661, 10, 1, 3, 10),
(35, 43111, 2959563, 11, 1, 3, 11),
(36, 39845, 2403399, 12, 1, 3, 12),
(37, 110, 173161, 1, 1, 4, 1),
(38, 80, 133000, 2, 1, 4, 2),
(39, 0, 0, 3, 1, 4, 3),
(40, 70, 85925, 4, 1, 4, 4),
(41, 160, 223370, 5, 1, 4, 5),
(42, 0, 0, 6, 1, 4, 6),
(43, 0, 0, 7, 1, 4, 7),
(44, 0, 0, 8, 1, 4, 8),
(45, 0, 0, 9, 1, 4, 9),
(46, 0, 0, 10, 1, 4, 10),
(47, 0, 0, 11, 1, 4, 11),
(48, 394, 15760, 12, 1, 4, 12),
(49, 8226, 3362209, 1, 1, 5, 1),
(50, 5676, 1787462, 2, 1, 5, 2),
(51, 7037, 2039317, 3, 1, 5, 3),
(52, 6302, 2042172, 4, 1, 5, 4),
(53, 6312, 2329578, 5, 1, 5, 5),
(54, 6566, 2438565, 6, 1, 5, 6),
(55, 4152, 1791554, 7, 1, 5, 7),
(56, 4235, 1552621, 8, 1, 5, 8),
(57, 3719, 1605370, 9, 1, 5, 9),
(58, 2732, 1206904, 10, 1, 5, 10),
(59, 2456, 940634, 11, 1, 5, 11),
(60, 4738, 2066836, 12, 1, 5, 12),
(61, 22281, 3559575, 1, 1, 6, 1),
(62, 13554, 1775815, 2, 1, 6, 2),
(63, 24791, 4169031, 3, 1, 6, 3),
(64, 21453, 3880615, 4, 1, 6, 4),
(65, 19592, 3188115, 5, 1, 6, 5),
(66, 23456, 3792606, 6, 1, 6, 6),
(67, 18905, 3951447, 7, 1, 6, 7),
(68, 20285, 3914407, 8, 1, 6, 8),
(69, 21351, 3331074, 9, 1, 6, 9),
(70, 23477, 4468509, 10, 1, 6, 10),
(71, 27468, 4645590, 11, 1, 6, 11),
(72, 26159, 4527031, 12, 1, 6, 12),
(73, 319, 7975, 1, 1, 7, 1),
(74, 38, 7826, 2, 1, 7, 2),
(75, 0, 0, 3, 1, 7, 3),
(76, 0, 0, 4, 1, 7, 4),
(77, 0, 0, 5, 1, 7, 5),
(78, 0, 0, 6, 1, 7, 6),
(79, 0, 0, 7, 1, 7, 7),
(80, 152, 14176, 8, 1, 7, 8),
(81, 0, 0, 9, 1, 7, 9),
(82, 0, 0, 10, 1, 7, 10),
(83, 0, 0, 11, 1, 7, 11),
(84, 0, 0, 12, 1, 7, 12),
(85, 0, 0, 1, 1, 8, 1),
(86, 0, 0, 2, 1, 8, 2),
(87, 0, 0, 3, 1, 8, 3),
(88, 0, 0, 4, 1, 8, 4),
(89, 0, 0, 5, 1, 8, 5),
(90, 0, 0, 6, 1, 8, 6),
(91, 0, 0, 7, 1, 8, 7),
(92, 0, 0, 8, 1, 8, 8),
(93, 0, 0, 9, 1, 8, 9),
(94, 0, 0, 10, 1, 8, 10),
(95, 0, 0, 11, 1, 8, 11),
(96, 67, 4000, 12, 1, 8, 12),
(97, 0, 0, 1, 1, 9, 1),
(98, 0, 0, 2, 1, 9, 2),
(99, 0, 0, 3, 1, 9, 3),
(100, 45, 15750, 4, 1, 9, 4),
(101, 0, 0, 5, 1, 9, 5),
(102, 0, 0, 6, 1, 9, 6),
(103, 0, 0, 7, 1, 9, 7),
(104, 0, 0, 8, 1, 9, 8),
(105, 0, 0, 9, 1, 9, 9),
(106, 0, 0, 10, 1, 9, 10),
(107, 0, 0, 11, 1, 9, 11),
(108, 0, 0, 12, 1, 9, 12),
(109, 6222, 3268422, 1, 2, 1, 13),
(110, 5278, 2725974, 2, 2, 1, 14),
(111, 10741, 4874742, 3, 2, 1, 15),
(112, 8511, 3591843, 4, 2, 1, 16),
(113, 9194, 3485470, 5, 2, 1, 17),
(114, 3352, 1478435, 6, 2, 1, 18),
(115, 1026, 432438, 7, 2, 1, 19),
(116, 1517, 560675, 8, 2, 1, 20),
(117, 2181, 1003297, 9, 2, 1, 21),
(118, 2442, 956767, 10, 2, 1, 22),
(119, 13361, 5751406, 11, 2, 1, 23),
(120, 17681, 6649204, 12, 2, 1, 24),
(121, 0, 0, 1, 2, 10, 13),
(122, 0, 0, 2, 2, 10, 14),
(123, 0, 0, 3, 2, 10, 15),
(124, 0, 0, 4, 2, 10, 16),
(125, 0, 0, 5, 2, 10, 17),
(126, 0, 0, 6, 2, 10, 18),
(127, 0, 0, 7, 2, 10, 19),
(128, 0, 0, 8, 2, 10, 20),
(129, 0, 0, 9, 2, 10, 21),
(130, 0, 0, 10, 2, 10, 22),
(131, 97, 70919, 11, 2, 10, 23),
(132, 77, 62192, 12, 2, 10, 24),
(133, 180, 164904, 1, 2, 2, 13),
(134, 0, 0, 2, 2, 2, 14),
(135, 147, 117616, 3, 2, 2, 15),
(136, 463, 411665, 4, 2, 2, 16),
(137, 225, 232621, 5, 2, 2, 17),
(138, 86, 92540, 6, 2, 2, 18),
(139, 193, 198193, 7, 2, 2, 19),
(140, 0, 0, 8, 2, 2, 20),
(141, 0, 0, 9, 2, 2, 21),
(142, 50, 64418, 10, 2, 2, 22),
(143, 13361, 5751406, 11, 2, 2, 23),
(144, 17681, 6649204, 12, 2, 2, 24),
(145, 34773, 2114491, 1, 2, 3, 13),
(146, 22325, 933289, 2, 2, 3, 14),
(147, 49697, 2071638, 3, 2, 3, 15),
(148, 45713, 2839664, 4, 2, 3, 16),
(149, 50743, 2179891, 5, 2, 3, 17),
(150, 52474, 5714458, 6, 2, 3, 18),
(151, 32801, 3581625, 7, 2, 3, 19),
(152, 73064, 11703421, 8, 2, 3, 20),
(153, 61117, 10024689, 9, 2, 3, 21),
(154, 50321, 7162573, 10, 2, 3, 22),
(155, 58922, 2344195, 11, 2, 3, 23),
(156, 62251, 2673817, 12, 2, 3, 24),
(157, 0, 0, 1, 2, 4, 13),
(158, 0, 0, 2, 2, 4, 14),
(159, 0, 0, 3, 2, 4, 15),
(160, 0, 0, 4, 2, 4, 16),
(161, 0, 0, 5, 2, 4, 17),
(162, 0, 0, 6, 2, 4, 18),
(163, 0, 0, 7, 2, 4, 19),
(164, 0, 0, 8, 2, 4, 20),
(165, 0, 0, 9, 2, 4, 21),
(166, 250, 2119, 10, 2, 4, 22),
(167, 191, 63196, 11, 2, 4, 23),
(168, 153, 19400, 12, 2, 4, 24),
(169, 1686, 732131, 1, 2, 4, 13),
(170, 1183, 509737, 2, 2, 4, 14),
(171, 1621, 731782, 3, 2, 4, 15),
(172, 1782, 1067320, 4, 2, 4, 16),
(173, 2057, 1307666, 5, 2, 4, 17),
(174, 1781, 1190456, 6, 2, 4, 18),
(175, 579, 342093, 7, 2, 4, 19),
(176, 594, 950410, 8, 2, 4, 20),
(177, 923, 1008479, 9, 2, 4, 21),
(178, 2538, 1850652, 10, 2, 4, 22),
(179, 6251, 2888371, 11, 2, 4, 23),
(180, 6031, 2840158, 12, 2, 4, 24),
(181, 1686, 732131, 1, 2, 5, 13),
(182, 1183, 509737, 2, 2, 5, 14),
(183, 1621, 731782, 3, 2, 5, 15),
(184, 1782, 1067320, 4, 2, 5, 16),
(185, 2057, 1307666, 5, 2, 5, 17),
(186, 1781, 1190456, 6, 2, 5, 18),
(187, 579, 342093, 7, 2, 5, 19),
(188, 594, 950410, 8, 2, 5, 20),
(189, 923, 1008479, 9, 2, 5, 21),
(190, 2538, 1850652, 10, 2, 5, 22),
(191, 6251, 2888371, 11, 2, 5, 23),
(192, 6031, 2840158, 12, 2, 5, 24),
(193, 22789, 3785662, 1, 2, 6, 13),
(194, 14410, 2429476, 2, 2, 6, 14),
(195, 29188, 5897524, 3, 2, 6, 15),
(196, 25729, 5421918, 4, 2, 6, 16),
(197, 26200, 6323710, 5, 2, 6, 17),
(198, 26370, 9544861, 6, 2, 6, 18),
(199, 12610, 5006405, 7, 2, 6, 19),
(200, 27123, 9752213, 8, 2, 6, 20),
(201, 20243, 6823750, 9, 2, 6, 21),
(202, 25518, 9444079, 10, 2, 6, 22),
(203, 28469, 11461865, 11, 2, 6, 23),
(204, 27584, 11508681, 12, 2, 6, 24),
(205, 0, 0, 1, 2, 7, 13),
(206, 0, 0, 2, 2, 7, 14),
(207, 0, 0, 3, 2, 7, 15),
(208, 0, 0, 4, 2, 7, 16),
(209, 0, 0, 5, 2, 7, 17),
(210, 75, 1671, 6, 2, 7, 18),
(211, 0, 0, 7, 2, 7, 19),
(212, 0, 0, 8, 2, 7, 20),
(213, 0, 0, 9, 2, 7, 21),
(214, 116, 11550, 10, 2, 7, 22),
(215, 311, 63031, 11, 2, 7, 23),
(216, 241, 21284, 12, 2, 7, 24),
(217, 0, 0, 1, 2, 12, 13),
(218, 0, 0, 2, 2, 12, 14),
(219, 0, 0, 3, 2, 12, 15),
(220, 0, 0, 4, 2, 12, 16),
(221, 0, 0, 5, 2, 12, 17),
(222, 0, 0, 6, 2, 12, 18),
(223, 0, 0, 7, 2, 12, 19),
(224, 0, 0, 8, 2, 12, 20),
(225, 0, 0, 9, 2, 12, 21),
(226, 0, 0, 10, 2, 12, 22),
(227, 0, 0, 11, 2, 12, 23),
(228, 30, 1238, 12, 2, 12, 24),
(229, 0, 0, 1, 2, 13, 13),
(230, 0, 0, 2, 2, 13, 14),
(231, 366, 26372, 3, 2, 13, 15),
(232, 0, 0, 4, 2, 13, 16),
(233, 0, 0, 5, 2, 13, 17),
(234, 0, 0, 6, 2, 13, 18),
(235, 0, 0, 7, 2, 13, 19),
(236, 0, 0, 8, 2, 13, 20),
(237, 0, 0, 9, 2, 13, 21),
(238, 0, 0, 10, 2, 13, 22),
(239, 0, 0, 11, 2, 13, 23),
(240, 24, 2662, 12, 2, 13, 24),
(241, 0, 0, 1, 2, 9, 13),
(242, 0, 0, 2, 2, 9, 14),
(243, 0, 0, 3, 2, 9, 15),
(244, 0, 0, 4, 2, 9, 16),
(245, 0, 0, 5, 2, 9, 17),
(246, 0, 0, 6, 2, 9, 18),
(247, 0, 0, 7, 2, 9, 19),
(248, 95, 1045, 8, 2, 9, 20),
(249, 0, 0, 9, 2, 9, 21),
(250, 0, 0, 10, 2, 9, 22),
(251, 0, 0, 11, 2, 9, 23),
(252, 30, 1238, 12, 2, 9, 24),
(253, 0, 0, 1, 2, 13, 13),
(254, 0, 0, 2, 2, 13, 14),
(255, 366, 26372, 3, 2, 13, 15),
(256, 0, 0, 4, 2, 13, 16),
(257, 0, 0, 5, 2, 13, 17),
(258, 0, 0, 6, 2, 13, 18),
(259, 0, 0, 7, 2, 13, 19),
(260, 0, 0, 8, 2, 13, 20),
(261, 0, 0, 9, 2, 13, 21),
(262, 0, 0, 10, 2, 13, 22),
(263, 0, 0, 11, 2, 13, 23),
(264, 0, 0, 12, 2, 13, 24),
(265, 0, 0, 1, 2, 14, 13),
(266, 0, 0, 2, 2, 14, 14),
(267, 0, 0, 3, 2, 14, 15),
(268, 0, 0, 4, 2, 14, 16),
(269, 0, 0, 5, 2, 14, 17),
(270, 0, 0, 6, 2, 14, 18),
(271, 0, 0, 7, 2, 14, 19),
(272, 95, 1045, 8, 2, 14, 20),
(273, 0, 0, 9, 2, 14, 21),
(274, 0, 0, 10, 2, 14, 22),
(275, 0, 0, 11, 2, 14, 23),
(276, 3, 1000, 12, 2, 14, 24),
(277, 0, 0, 1, 2, 15, 13),
(278, 0, 0, 2, 2, 15, 14),
(279, 0, 0, 3, 2, 15, 15),
(280, 0, 0, 4, 2, 15, 16),
(281, 0, 0, 5, 2, 15, 17),
(282, 0, 0, 6, 2, 15, 18),
(283, 0, 0, 7, 2, 15, 19),
(284, 0, 0, 8, 2, 15, 20),
(285, 0, 0, 9, 2, 15, 21),
(286, 0, 0, 10, 2, 15, 22),
(287, 6, 800, 11, 2, 15, 23),
(288, 0, 0, 12, 2, 15, 24),
(289, 15578, 5687759, 1, 3, 1, 25),
(290, 20218, 6328086, 2, 3, 1, 26),
(291, 22284, 4370173, 3, 3, 1, 27),
(292, 24662, 4872137, 4, 3, 1, 28),
(293, 25311, 5942822, 5, 3, 1, 29),
(294, 20391, 4486984, 6, 3, 1, 30),
(295, 15754, 3111014, 7, 3, 1, 31),
(296, 28008, 4105870, 8, 3, 1, 32),
(297, 25763, 4997743, 9, 3, 1, 33),
(298, 25737, 4901139, 10, 3, 1, 34),
(299, 15426, 6802975, 11, 3, 1, 35),
(300, 11486, 6601245, 12, 3, 1, 36),
(301, 88, 34919, 1, 3, 10, 25),
(302, 91, 73216, 2, 3, 10, 26),
(303, 46, 39556, 3, 3, 10, 27),
(304, 0, 0, 4, 3, 10, 28),
(305, 62, 48586, 5, 3, 10, 29),
(306, 47, 48563, 6, 3, 10, 30),
(307, 0, 0, 7, 3, 10, 31),
(308, 46, 43135, 8, 3, 10, 32),
(309, 30, 35492, 9, 3, 10, 33),
(310, 0, 0, 10, 3, 10, 34),
(311, 44, 56302, 11, 3, 10, 35),
(312, 34, 44975, 12, 3, 10, 36),
(313, 40, 71398, 1, 3, 2, 25),
(314, 0, 0, 2, 3, 2, 26),
(315, 0, 0, 3, 3, 2, 27),
(316, 113, 125763, 4, 3, 2, 28),
(317, 50, 57705, 5, 3, 2, 29),
(318, 0, 0, 6, 3, 2, 30),
(319, 0, 0, 7, 3, 2, 31),
(320, 30, 36914, 8, 3, 2, 32),
(321, 0, 0, 9, 3, 2, 33),
(322, 0, 0, 10, 3, 2, 34),
(323, 0, 0, 11, 3, 2, 35),
(324, 0, 0, 12, 3, 2, 36),
(325, 37413, 1866525, 1, 3, 3, 25),
(326, 60143, 1748978, 2, 3, 3, 26),
(327, 78209, 3313601, 3, 3, 3, 27),
(328, 68051, 2353537, 4, 3, 3, 28),
(329, 62417, 2810110, 5, 3, 3, 29),
(330, 51663, 2569670, 6, 3, 3, 30),
(331, 40013, 2263892, 7, 3, 3, 31),
(332, 57480, 3016267, 8, 3, 3, 32),
(333, 54526, 2854708, 9, 3, 3, 33),
(334, 52885, 4463471, 10, 3, 3, 34),
(335, 41968, 4916317, 11, 3, 3, 35),
(336, 36559, 4567044, 12, 3, 3, 36),
(337, 113, 6600, 1, 3, 4, 25),
(338, 31, 3100, 2, 3, 4, 26),
(339, 72, 9000, 3, 3, 4, 27),
(340, 99, 52500, 4, 3, 4, 28),
(341, 43, 10600, 5, 3, 4, 29),
(342, 31, 3050, 6, 3, 4, 30),
(343, 81, 43200, 7, 3, 4, 31),
(344, 23, 2350, 8, 3, 4, 32),
(345, 29, 47355, 9, 3, 4, 33),
(346, 0, 0, 10, 3, 4, 34),
(347, 45, 7900, 11, 3, 4, 35),
(348, 65, 96077, 12, 3, 4, 36),
(349, 5369, 2529570, 1, 3, 5, 25),
(350, 5109, 2601299, 2, 3, 5, 26),
(351, 5772, 2459314, 3, 3, 5, 27),
(352, 6489, 3596282, 4, 3, 5, 28),
(353, 6423, 3770183, 5, 3, 5, 29),
(354, 5289, 3361144, 6, 3, 5, 30),
(355, 5797, 3949888, 7, 3, 5, 31),
(356, 5567, 3741914, 8, 3, 5, 32),
(357, 5366, 3425062, 9, 3, 5, 33),
(358, 5719, 3985467, 10, 3, 5, 34),
(359, 4656, 4780291, 11, 3, 5, 35),
(360, 5460, 4824048, 12, 3, 5, 36),
(361, 0, 0, 1, 3, 16, 25),
(362, 0, 0, 2, 3, 16, 26),
(363, 38, 34200, 2, 3, 16, 27),
(364, 0, 0, 3, 3, 16, 28),
(365, 30, 24000, 4, 3, 16, 29),
(366, 40, 17350, 5, 3, 16, 30),
(367, 38, 34200, 7, 3, 16, 31),
(368, 0, 0, 8, 3, 16, 32),
(369, 31, 16129, 9, 3, 16, 33),
(370, 77, 72907, 10, 3, 16, 34),
(371, 28, 29056, 11, 3, 16, 35),
(372, 0, 0, 12, 3, 16, 36),
(373, 20215, 7218364, 1, 3, 6, 25),
(374, 24549, 7712456, 2, 3, 6, 26),
(375, 33672, 13996523, 3, 3, 6, 27),
(376, 29333, 8393276, 4, 3, 6, 28),
(377, 36819, 14039469, 5, 3, 6, 29),
(378, 26067, 9264058, 6, 3, 6, 30),
(379, 16909, 6413865, 7, 3, 6, 31),
(380, 31753, 15416323, 8, 3, 6, 32),
(381, 30266, 15109376, 8, 3, 6, 33),
(382, 31205, 16356129, 10, 3, 6, 34),
(383, 22889, 11059483, 11, 3, 6, 35),
(384, 20827, 11850919, 12, 3, 6, 36),
(385, 144, 6240, 1, 3, 7, 25),
(386, 240, 10400, 2, 3, 7, 26),
(387, 130, 15015, 3, 3, 7, 27),
(388, 375, 15600, 4, 3, 7, 28),
(389, 59, 2283, 5, 3, 7, 29),
(390, 106, 26780, 6, 3, 7, 30),
(391, 49, 5875, 7, 3, 7, 31),
(392, 419, 44095, 8, 3, 7, 32),
(393, 45, 4750, 9, 3, 7, 33),
(394, 25, 750, 10, 3, 7, 34),
(395, 0, 0, 11, 3, 7, 35),
(396, 0, 0, 12, 3, 7, 36),
(397, 0, 0, 1, 3, 17, 25),
(398, 0, 0, 2, 3, 17, 26),
(399, 0, 0, 3, 3, 17, 27),
(400, 3, 715, 4, 3, 17, 28),
(401, 0, 0, 5, 3, 17, 29),
(402, 0, 0, 6, 3, 17, 30),
(403, 0, 0, 7, 3, 17, 31),
(404, 0, 0, 8, 3, 17, 32),
(405, 0, 0, 9, 3, 17, 33),
(406, 0, 0, 10, 3, 17, 34),
(407, 0, 0, 11, 3, 17, 35),
(408, 0, 0, 12, 3, 17, 36),
(409, 23, 26746, 1, 3, 13, 25),
(410, 17, 13663, 2, 3, 13, 26),
(411, 0, 0, 3, 3, 13, 27),
(412, 0, 0, 4, 3, 13, 28),
(413, 25, 30855, 5, 3, 13, 29),
(414, 0, 0, 6, 3, 13, 30),
(415, 0, 0, 7, 3, 13, 31),
(416, 20, 29, 8, 3, 13, 32),
(417, 0, 0, 9, 3, 13, 33),
(418, 0, 0, 10, 3, 13, 34),
(419, 0, 0, 11, 3, 13, 35),
(420, 0, 0, 12, 3, 13, 36),
(421, 0, 0, 1, 3, 18, 25),
(422, 0, 0, 2, 3, 18, 26),
(423, 0, 0, 3, 3, 18, 27),
(424, 100, 100000, 4, 3, 18, 28),
(425, 105, 100000, 5, 3, 18, 29),
(426, 0, 0, 6, 3, 18, 30),
(427, 0, 0, 7, 3, 18, 31),
(428, 0, 0, 8, 3, 18, 32),
(429, 0, 0, 9, 3, 18, 33),
(430, 0, 0, 10, 3, 18, 34),
(431, 0, 0, 11, 3, 18, 35),
(432, 0, 0, 12, 3, 18, 36),
(433, 0, 0, 1, 3, 9, 25),
(434, 80, 240, 2, 3, 9, 26),
(435, 0, 0, 3, 3, 9, 27),
(436, 0, 0, 4, 3, 9, 28),
(437, 0, 0, 5, 3, 9, 29),
(438, 0, 0, 6, 3, 9, 30),
(439, 0, 0, 7, 3, 9, 31),
(440, 0, 0, 8, 3, 9, 32),
(441, 0, 0, 9, 3, 9, 33),
(442, 0, 0, 10, 3, 9, 34),
(443, 1, 1095, 11, 3, 9, 35),
(444, 0, 0, 12, 3, 9, 36),
(445, 0, 0, 1, 3, 14, 25),
(446, 0, 0, 2, 3, 14, 26),
(447, 0, 0, 3, 3, 14, 27),
(448, 0, 0, 4, 3, 14, 28),
(449, 0, 0, 5, 3, 14, 29),
(450, 0, 0, 6, 3, 14, 30),
(451, 0, 0, 7, 3, 14, 31),
(452, 2, 10, 8, 3, 14, 32),
(453, 0, 0, 9, 3, 14, 33),
(454, 0, 0, 10, 3, 14, 34),
(455, 0, 0, 11, 3, 14, 35),
(456, 0, 0, 12, 3, 14, 36),
(457, 0, 0, 1, 3, 15, 25),
(458, 0, 0, 2, 3, 15, 26),
(459, 0, 0, 3, 3, 15, 27),
(460, 0, 0, 4, 3, 15, 28),
(461, 0, 0, 5, 3, 15, 29),
(462, 6, 1200, 6, 3, 15, 30),
(463, 0, 0, 7, 3, 15, 31),
(464, 0, 0, 8, 3, 15, 32),
(465, 0, 0, 9, 3, 15, 33),
(466, 19, 2700, 10, 3, 15, 34),
(467, 0, 0, 11, 3, 15, 35),
(468, 0, 0, 12, 3, 15, 36),
(469, 16306, 7261013, 1, 4, 1, 37),
(470, 11686, 937910, 2, 4, 1, 38),
(471, 38975, 9104903, 3, 4, 1, 39),
(472, 49707, 5962597, 4, 4, 1, 40),
(473, 29221, 6755669, 5, 4, 1, 41),
(474, 15390, 2753818, 6, 4, 1, 42),
(475, 22077, 4351734, 7, 4, 1, 43),
(476, 23592, 4418144, 8, 4, 1, 44),
(477, 26252, 6482605, 9, 4, 1, 45),
(478, 28546, 5312463, 10, 4, 1, 46),
(479, 26862, 3683112, 11, 4, 1, 47),
(480, 31217, 5706286, 12, 4, 1, 48),
(481, 0, 0, 1, 4, 10, 37),
(482, 0, 0, 2, 4, 10, 38),
(483, 0, 0, 3, 4, 10, 39),
(484, 0, 0, 4, 4, 10, 40),
(485, 0, 0, 5, 4, 10, 41),
(486, 4, 373, 6, 4, 10, 42),
(487, 6, 900, 7, 4, 10, 43),
(488, 7, 1000, 8, 4, 10, 44),
(489, 0, 0, 9, 4, 10, 45),
(490, 0, 0, 10, 4, 10, 46),
(491, 0, 0, 11, 4, 10, 47),
(492, 0, 0, 12, 4, 10, 48),
(493, 132, 122915, 1, 4, 2, 37),
(494, 172, 255597, 2, 4, 2, 38),
(495, 50, 92388, 3, 4, 2, 39),
(496, 133, 246543, 4, 4, 2, 40),
(497, 54, 100550, 5, 4, 2, 41),
(498, 78, 142562, 6, 4, 2, 42),
(499, 31, 10764, 7, 4, 2, 43),
(500, 78, 26910, 8, 4, 2, 44),
(501, 115, 94385, 9, 4, 2, 45),
(502, 78, 25740, 10, 4, 2, 46),
(503, 209, 253322, 11, 4, 2, 47),
(504, 163, 100684, 12, 4, 2, 48),
(505, 56158, 3033060, 1, 4, 3, 37),
(506, 21215, 1190312, 2, 4, 3, 38),
(507, 57556, 3707396, 3, 4, 3, 39),
(508, 67844, 4526090, 4, 4, 3, 40),
(509, 55212, 4507366, 5, 4, 3, 41),
(510, 27591, 2983745, 6, 4, 3, 42),
(511, 43708, 3111563, 7, 4, 3, 43),
(512, 49463, 3624709, 8, 4, 3, 44),
(513, 50386, 4319250, 9, 4, 3, 45),
(514, 40831, 4359553, 10, 4, 3, 46),
(515, 34711, 2966844, 11, 4, 3, 47),
(516, 33124, 2407467, 12, 4, 3, 48),
(517, 0, 0, 1, 4, 4, 37),
(518, 39, 13000, 2, 4, 4, 38),
(519, 22, 2200, 3, 4, 4, 39),
(520, 0, 0, 4, 4, 4, 40),
(521, 0, 0, 5, 4, 4, 41),
(522, 0, 0, 6, 4, 4, 42),
(523, 52, 143112, 7, 4, 4, 43),
(524, 0, 0, 8, 4, 4, 44),
(525, 0, 0, 9, 4, 4, 45),
(526, 350, 689524, 10, 4, 4, 46),
(527, 1097, 1840106, 11, 4, 4, 47),
(528, 285, 494325, 12, 4, 4, 48),
(529, 4018, 2778021, 1, 4, 5, 37),
(530, 1968, 901739, 2, 4, 5, 38),
(531, 5441, 4393237, 3, 4, 5, 39),
(532, 4448, 5158641, 4, 4, 5, 40),
(533, 5799, 4875316, 5, 4, 5, 41),
(534, 3349, 2962769, 6, 4, 5, 42),
(535, 4978, 4930943, 7, 4, 5, 43),
(536, 5519, 5141866, 8, 4, 5, 44),
(537, 4762, 4321722, 9, 4, 5, 45),
(538, 5074, 5360242, 10, 4, 5, 46),
(539, 4950, 5053565, 11, 4, 5, 47),
(540, 4621, 4428346, 12, 4, 5, 48),
(541, 21, 23822, 1, 4, 16, 37),
(542, 0, 0, 2, 4, 16, 38),
(543, 35, 31500, 3, 4, 16, 39),
(544, 0, 0, 4, 4, 16, 40),
(545, 0, 0, 5, 4, 16, 41),
(546, 0, 0, 6, 4, 16, 42),
(547, 40, 36000, 7, 4, 16, 43),
(548, 0, 0, 8, 4, 16, 44),
(549, 0, 0, 9, 4, 16, 45),
(550, 0, 0, 10, 4, 16, 46),
(551, 0, 0, 11, 4, 16, 47),
(552, 0, 0, 12, 4, 16, 48),
(553, 27368, 15782782, 1, 4, 6, 37),
(554, 14120, 6777213, 2, 4, 6, 38),
(555, 39760, 13902160, 3, 4, 6, 39),
(556, 29493, 9415362, 4, 4, 6, 40),
(557, 32429, 13200392, 5, 4, 6, 41),
(558, 16588, 7344654, 6, 4, 6, 42),
(559, 21512, 8967018, 7, 4, 6, 43),
(560, 22762, 10652142, 8, 4, 6, 44),
(561, 24105, 11766459, 9, 4, 6, 45),
(562, 40010, 10710655, 10, 4, 6, 46),
(563, 43535, 9794418, 11, 4, 6, 47),
(564, 50628, 12916182, 12, 4, 6, 48),
(565, 0, 0, 1, 4, 7, 37),
(566, 64, 8500, 2, 4, 7, 38),
(567, 66, 10000, 3, 4, 7, 49),
(568, 58, 1500, 4, 4, 7, 40),
(569, 60, 1800, 5, 4, 7, 41),
(570, 0, 0, 6, 4, 7, 42),
(571, 60, 1800, 7, 4, 7, 43),
(572, 60, 1800, 8, 4, 7, 44),
(573, 0, 0, 9, 4, 7, 45),
(574, 259, 476518, 10, 4, 7, 46),
(575, 235, 509825, 11, 4, 7, 47),
(576, 280, 478996, 12, 4, 7, 48),
(577, 0, 0, 1, 4, 8, 37),
(578, 0, 0, 2, 4, 8, 38),
(579, 0, 0, 3, 4, 8, 39),
(580, 0, 0, 4, 4, 8, 40),
(581, 0, 0, 5, 4, 8, 41),
(582, 0, 0, 6, 4, 8, 42),
(583, 0, 0, 7, 4, 8, 43),
(584, 0, 0, 8, 4, 8, 44),
(585, 0, 0, 9, 4, 8, 45),
(586, 65, 6500, 11, 4, 8, 46),
(587, 0, 0, 11, 4, 8, 47),
(588, 0, 0, 12, 4, 8, 48),
(589, 0, 0, 1, 4, 13, 37),
(590, 0, 0, 2, 4, 13, 38),
(591, 0, 0, 3, 4, 13, 39),
(592, 0, 0, 4, 4, 13, 40),
(593, 0, 0, 5, 4, 13, 41),
(594, 0, 0, 6, 4, 13, 42),
(595, 0, 0, 7, 4, 13, 43),
(596, 0, 0, 8, 4, 13, 44),
(597, 0, 0, 9, 4, 13, 45),
(598, 0, 0, 10, 4, 13, 46),
(599, 11, 27774, 11, 4, 13, 47),
(600, 18, 35273, 12, 4, 13, 48),
(601, 0, 0, 1, 4, 9, 37),
(602, 0, 0, 2, 4, 9, 38),
(603, 0, 0, 3, 4, 9, 39),
(604, 0, 0, 4, 4, 9, 40),
(605, 0, 0, 5, 4, 9, 41),
(606, 0, 0, 6, 4, 9, 42),
(607, 0, 0, 6, 4, 9, 42),
(608, 0, 0, 7, 4, 9, 43),
(609, 5, 5959, 8, 4, 9, 44),
(610, 8, 8515, 9, 4, 9, 45),
(611, 8, 8515, 10, 4, 9, 46),
(612, 17, 19150, 11, 4, 9, 47),
(613, 0, 0, 12, 4, 9, 48),
(614, 6, 1250, 1, 4, 15, 37),
(615, 0, 0, 2, 4, 15, 38),
(616, 0, 0, 3, 4, 15, 39),
(617, 0, 0, 4, 4, 15, 40),
(618, 0, 0, 5, 4, 15, 41),
(619, 0, 0, 6, 4, 15, 42),
(620, 0, 0, 7, 4, 15, 43),
(621, 0, 0, 8, 4, 15, 44),
(622, 0, 0, 9, 4, 15, 45),
(623, 0, 0, 10, 4, 15, 46),
(624, 0, 0, 11, 4, 15, 47),
(625, 0, 0, 12, 4, 15, 48),
(626, 16775, 2889368, 1, 5, 1, 49),
(627, 26428, 3437837, 2, 5, 1, 50),
(628, 39287, 3734914, 3, 5, 1, 51),
(629, 70, 24921, 1, 5, 2, 49),
(630, 59, 63693, 2, 5, 2, 50),
(631, 125, 122231, 3, 5, 2, 51),
(632, 20287, 2756566, 1, 5, 3, 49),
(633, 14365, 2555139, 2, 5, 3, 50),
(634, 24624, 2455592, 3, 5, 3, 51),
(635, 20287, 2756566, 1, 5, 3, 49),
(636, 14365, 2555139, 2, 5, 3, 50),
(637, 24624, 2455592, 3, 5, 3, 51),
(638, 274, 514768, 1, 5, 4, 49),
(639, 568, 1071775, 2, 5, 4, 50),
(640, 498, 708266, 3, 5, 4, 51),
(641, 4848, 4140540, 1, 5, 5, 49),
(642, 2164, 1894194, 2, 5, 5, 50),
(643, 3580, 2729975, 3, 5, 5, 51),
(644, 80661, 10018273, 1, 5, 6, 49),
(645, 44734, 7989208, 2, 5, 6, 50),
(646, 74130, 12708378, 3, 5, 6, 51),
(647, 260, 463675, 1, 5, 7, 49),
(648, 330, 682950, 2, 5, 7, 50),
(649, 0, 0, 3, 5, 7, 51),
(650, 13, 24406, 1, 5, 13, 49),
(651, 0, 0, 2, 5, 13, 50),
(652, 0, 0, 3, 5, 13, 51);

-- --------------------------------------------------------

--
-- Table structure for table `bulan`
--

CREATE TABLE `bulan` (
  `id` int(11) NOT NULL,
  `nama_bulan` varchar(255) NOT NULL
) ENGINE=InnoDB DEFAULT CHARSET=latin1;

--
-- Dumping data for table `bulan`
--

INSERT INTO `bulan` (`id`, `nama_bulan`) VALUES
(1, 'Januari'),
(2, 'Febuari'),
(3, 'Maret'),
(4, 'April'),
(5, 'Mei'),
(6, 'Juni'),
(7, 'Juli'),
(8, 'Agustus'),
(9, 'September'),
(10, 'Oktober'),
(11, 'November'),
(12, 'Desember');

-- --------------------------------------------------------

--
-- Table structure for table `hargatotal_bw`
--

CREATE TABLE `hargatotal_bw` (
  `id` int(11) NOT NULL,
  `volume` int(11) NOT NULL,
  `nilai` int(11) NOT NULL,
  `id_bulan` int(11) NOT NULL,
  `id_tahun` int(11) NOT NULL
) ENGINE=InnoDB DEFAULT CHARSET=latin1;

--
-- Dumping data for table `hargatotal_bw`
--

INSERT INTO `hargatotal_bw` (`id`, `volume`, `nilai`, `id_bulan`, `id_tahun`) VALUES
(1, 67628, 9143366, 1, 1),
(2, 34532, 4750827, 2, 1),
(3, 68984, 8008815, 3, 1),
(4, 67849, 7768132, 4, 1),
(5, 63354, 7505242, 5, 1),
(6, 67819, 7774904, 6, 1),
(7, 47442, 7206865, 7, 1),
(8, 58888, 7979114, 8, 1),
(9, 62279, 7609400, 9, 1),
(10, 62025, 9276864, 10, 1),
(11, 74932, 9429728, 11, 1),
(12, 82446, 13366255, 12, 1),
(13, 0, 0, 1, 2),
(14, 0, 0, 2, 2),
(15, 0, 0, 3, 2),
(16, 0, 0, 4, 2),
(17, 0, 0, 5, 2),
(18, 0, 0, 6, 2),
(19, 0, 0, 7, 2),
(20, 0, 0, 8, 2),
(21, 0, 0, 9, 2),
(22, 81235, 19492238, 10, 2),
(23, 107608, 22643783, 11, 2),
(24, 114075, 23779636, 12, 2),
(25, 78984, 17448124, 1, 3),
(26, 110479, 18491441, 2, 3),
(27, 140193, 24222885, 3, 3),
(28, 129188, 19504811, 4, 3),
(29, 131290, 26824116, 5, 3),
(30, 103573, 19766801, 6, 3),
(31, 78609, 15810936, 7, 3),
(32, 123319, 26378562, 8, 3),
(33, 116000, 26462345, 9, 3),
(34, 115615, 29751411, 10, 3),
(35, 85060, 27653421, 11, 3),
(36, 74403, 27969411, 12, 3),
(37, 103945, 28984782, 1, 4),
(38, 49248, 10076321, 2, 4),
(39, 141905, 31243784, 3, 4),
(40, 151646, 25292483, 4, 4),
(41, 122749, 29429818, 5, 4),
(42, 62982, 16178424, 6, 4),
(43, 92452, 21546836, 7, 4),
(44, 101460, 23858531, 8, 4),
(45, 105607, 26977422, 9, 4),
(46, 115211, 26942713, 10, 4),
(47, 111616, 24141477, 11, 4),
(48, 120325, 26560561, 12, 4),
(49, 122693, 20718029, 1, 5),
(50, 88650, 17694799, 2, 5),
(51, 141732, 22451859, 3, 5),
(52, 71937, 26845657, 4, 5);

-- --------------------------------------------------------

--
-- Table structure for table `negarakonsumen_bw`
--

CREATE TABLE `negarakonsumen_bw` (
  `id` int(11) NOT NULL,
  `volume` int(11) NOT NULL,
  `nilai` int(11) NOT NULL,
  `id_bulan` int(11) NOT NULL,
  `id_tahun` int(11) NOT NULL,
  `id_negarakonsumen` int(11) NOT NULL,
  `id_hargatotal` int(11) NOT NULL
) ENGINE=InnoDB DEFAULT CHARSET=latin1;

--
-- Dumping data for table `negarakonsumen_bw`
--

INSERT INTO `negarakonsumen_bw` (`id`, `volume`, `nilai`, `id_bulan`, `id_tahun`, `id_negarakonsumen`, `id_hargatotal`) VALUES
(1, 0, 0, 1, 1, 1, 1),
(2, 0, 0, 2, 1, 1, 2),
(3, 0, 0, 3, 1, 1, 3),
(4, 14, 70, 4, 1, 1, 4),
(5, 0, 0, 5, 1, 1, 5),
(6, 14, 70, 6, 1, 1, 6),
(7, 0, 0, 7, 1, 1, 7),
(8, 0, 0, 8, 1, 1, 8),
(9, 21, 105, 9, 1, 1, 9),
(10, 20, 7916, 10, 1, 1, 10),
(11, 26, 650, 11, 1, 1, 11),
(12, 0, 0, 12, 1, 1, 12),
(13, 0, 0, 1, 1, 2, 1),
(14, 0, 0, 2, 1, 2, 2),
(15, 0, 0, 3, 1, 2, 3),
(16, 0, 0, 4, 1, 2, 4),
(17, 0, 0, 5, 1, 2, 5),
(18, 0, 0, 6, 1, 2, 6),
(19, 0, 0, 7, 1, 2, 7),
(20, 0, 0, 8, 1, 2, 8),
(21, 0, 0, 9, 1, 2, 9),
(22, 0, 0, 10, 1, 2, 10),
(23, 27, 675, 11, 1, 2, 11),
(24, 0, 0, 12, 1, 2, 12);

-- --------------------------------------------------------

--
-- Table structure for table `negara_tujuan`
--

CREATE TABLE `negara_tujuan` (
  `id` int(11) NOT NULL,
  `nama_negara_tujuan` varchar(255) DEFAULT NULL
) ENGINE=InnoDB DEFAULT CHARSET=latin1;

--
-- Dumping data for table `negara_tujuan`
--

INSERT INTO `negara_tujuan` (`id`, `nama_negara_tujuan`) VALUES
(1, 'Australia'),
(2, 'Brunei Darussalam'),
(3, 'Cambodia'),
(4, 'Canada'),
(5, 'China'),
(6, 'Germany'),
(7, 'Hong Kong'),
(8, 'Japan'),
(9, 'Malaysia'),
(10, 'Netherlands'),
(11, 'Singapore'),
(12, 'Taiwan'),
(13, 'Thailand'),
(14, 'United States'),
(15, 'Vietnam');

-- --------------------------------------------------------

--
-- Table structure for table `provinsi`
--

CREATE TABLE `provinsi` (
  `id` int(11) NOT NULL,
  `nama_provinsi` varchar(255) DEFAULT NULL
) ENGINE=InnoDB DEFAULT CHARSET=latin1;

--
-- Dumping data for table `provinsi`
--

INSERT INTO `provinsi` (`id`, `nama_provinsi`) VALUES
(1, 'Sumatera Utara'),
(2, 'Kepulauan Riau'),
(3, 'DKI Jakarta'),
(4, 'Jawa Barat'),
(5, 'Jawa Tengah'),
(6, 'Jawa Timur'),
(7, 'Banten'),
(8, 'Bali'),
(9, 'Kalimantan Timur'),
(10, 'Sumatera Selatan'),
(11, 'Banten'),
(12, 'Nusa Tenggara Timur '),
(13, 'Kalimantan Barat'),
(14, 'Sulawesi Utara'),
(15, 'Sulawesi Selatan'),
(16, 'DI Yogyakarta'),
(17, 'Nusa Tenggara'),
(18, 'Kalimantan Selatan');

-- --------------------------------------------------------

--
-- Table structure for table `tahun`
--

CREATE TABLE `tahun` (
  `id` int(11) NOT NULL,
  `tahun` varchar(255) DEFAULT NULL
) ENGINE=InnoDB DEFAULT CHARSET=latin1;

--
-- Dumping data for table `tahun`
--

INSERT INTO `tahun` (`id`, `tahun`) VALUES
(1, '2015'),
(2, '2016'),
(3, '2017'),
(4, '2018'),
(5, '2019');

--
-- Indexes for dumped tables
--

--
-- Indexes for table `asalprovinsi_bw`
--
ALTER TABLE `asalprovinsi_bw`
  ADD PRIMARY KEY (`id`);

--
-- Indexes for table `bulan`
--
ALTER TABLE `bulan`
  ADD PRIMARY KEY (`id`);

--
-- Indexes for table `hargatotal_bw`
--
ALTER TABLE `hargatotal_bw`
  ADD PRIMARY KEY (`id`);

--
-- Indexes for table `negarakonsumen_bw`
--
ALTER TABLE `negarakonsumen_bw`
  ADD PRIMARY KEY (`id`);

--
-- Indexes for table `negara_tujuan`
--
ALTER TABLE `negara_tujuan`
  ADD PRIMARY KEY (`id`);

--
-- Indexes for table `provinsi`
--
ALTER TABLE `provinsi`
  ADD PRIMARY KEY (`id`);

--
-- Indexes for table `tahun`
--
ALTER TABLE `tahun`
  ADD PRIMARY KEY (`id`);

--
-- AUTO_INCREMENT for dumped tables
--

--
-- AUTO_INCREMENT for table `asalprovinsi_bw`
--
ALTER TABLE `asalprovinsi_bw`
  MODIFY `id` int(11) NOT NULL AUTO_INCREMENT, AUTO_INCREMENT=653;

--
-- AUTO_INCREMENT for table `bulan`
--
ALTER TABLE `bulan`
  MODIFY `id` int(11) NOT NULL AUTO_INCREMENT, AUTO_INCREMENT=13;

--
-- AUTO_INCREMENT for table `hargatotal_bw`
--
ALTER TABLE `hargatotal_bw`
  MODIFY `id` int(11) NOT NULL AUTO_INCREMENT, AUTO_INCREMENT=53;

--
-- AUTO_INCREMENT for table `negarakonsumen_bw`
--
ALTER TABLE `negarakonsumen_bw`
  MODIFY `id` int(11) NOT NULL AUTO_INCREMENT, AUTO_INCREMENT=25;

--
-- AUTO_INCREMENT for table `negara_tujuan`
--
ALTER TABLE `negara_tujuan`
  MODIFY `id` int(11) NOT NULL AUTO_INCREMENT, AUTO_INCREMENT=16;

--
-- AUTO_INCREMENT for table `provinsi`
--
ALTER TABLE `provinsi`
  MODIFY `id` int(11) NOT NULL AUTO_INCREMENT, AUTO_INCREMENT=19;

--
-- AUTO_INCREMENT for table `tahun`
--
ALTER TABLE `tahun`
  MODIFY `id` int(11) NOT NULL AUTO_INCREMENT, AUTO_INCREMENT=6;
COMMIT;

/*!40101 SET CHARACTER_SET_CLIENT=@OLD_CHARACTER_SET_CLIENT */;
/*!40101 SET CHARACTER_SET_RESULTS=@OLD_CHARACTER_SET_RESULTS */;
/*!40101 SET COLLATION_CONNECTION=@OLD_COLLATION_CONNECTION */;
